{"mainnet_income_call_btc": 0.008122090188125548, "mainnet_income_call_eth": 0.01280613807527051, "mainnet_income_put_tsUSDC": 4.682713105075287e-05, "mainnet_income_put_btc": 3.5060454383395445e-05, "mainnet_income_put_eth": 4.713264141231743e-05}